epoch,time,train/box_loss,train/cls_loss,train/dfl_loss,metrics/precision(B),metrics/recall(B),metrics/mAP50(B),metrics/mAP50-95(B),val/box_loss,val/cls_loss,val/dfl_loss,lr/pg0,lr/pg1,lr/pg2
1,16.1536,1.11933,2.69993,1.10901,1,0.22111,0.91268,0.73007,0.6887,2.08544,0.98362,0.00026672,0.00026672,0.00026672
2,22.8723,1.0054,2.38681,1.10207,1,0.352,0.94926,0.7588,0.7094,1.97888,0.98972,0.000543302,0.000543302,0.000543302
3,30.2771,1.05768,2.09214,1.0781,1,0.72943,0.91398,0.71052,0.82668,1.68884,1.04176,0.000812871,0.000812871,0.000812871
4,39.5763,0.93966,1.82108,1.07813,0.86568,0.79187,0.90826,0.69878,0.88894,1.40916,1.07635,0.00107543,0.00107543,0.00107543
5,46.2171,1.11196,1.69717,1.14761,0.79248,0.90779,0.91251,0.69447,0.8907,1.12543,1.10549,0.00133097,0.00133097,0.00133097
6,51.4641,1.11464,1.61247,1.18752,0.80955,0.94737,0.91579,0.71103,0.85907,1.09742,1.08509,0.00156385,0.00156385,0.00156385
7,56.6762,1.05021,1.62825,1.11131,0.86081,0.98539,0.92701,0.7034,0.89624,1.00104,1.11884,0.00154323,0.00154323,0.00154323
8,61.978,1.12543,1.41929,1.11855,0.86081,0.98539,0.92701,0.7034,0.89624,1.00104,1.11884,0.0015226,0.0015226,0.0015226
9,67.0469,1.12235,1.41167,1.10355,0.87894,0.96053,0.95606,0.66631,1.01433,1.0492,1.1603,0.00150197,0.00150197,0.00150197
10,72.2238,1.18513,1.34445,1.17416,0.88741,0.8836,0.95246,0.68055,0.97562,1.07868,1.13957,0.00148134,0.00148134,0.00148134
11,77.7864,1.07803,1.25636,1.11543,0.95284,0.90218,0.9675,0.7419,0.89001,0.95042,1.09379,0.00146071,0.00146071,0.00146071
12,83.0607,1.14735,1.29463,1.1824,0.92734,0.94321,0.95934,0.75124,0.87047,1.06056,1.06771,0.00144008,0.00144008,0.00144008
13,87.8002,1.17622,1.26873,1.12688,0.85614,0.94737,0.94387,0.71449,0.8918,1.29497,1.0796,0.00141945,0.00141945,0.00141945
14,92.3764,1.08472,1.1804,1.10013,0.85614,0.94737,0.94387,0.71449,0.8918,1.29497,1.0796,0.00139882,0.00139882,0.00139882
15,98.0827,1.15136,1.25818,1.15262,0.92902,0.95598,0.97178,0.73127,0.90365,1.12855,1.12452,0.00137819,0.00137819,0.00137819
16,103.75,1.06859,1.17804,1.14318,0.92663,0.8448,0.94592,0.71159,0.92832,1.04014,1.17787,0.00135756,0.00135756,0.00135756
17,109.308,1.04909,1.17832,1.07799,0.93048,0.91467,0.95341,0.7126,0.90923,1.03226,1.15959,0.00133693,0.00133693,0.00133693
18,116.136,0.98452,1.15899,1.10525,0.95558,0.93082,0.97673,0.73379,0.87426,0.95179,1.10632,0.0013163,0.0013163,0.0013163
19,122.501,1.09682,1.21389,1.14614,0.95558,0.93082,0.97673,0.73379,0.87426,0.95179,1.10632,0.00129568,0.00129568,0.00129568
20,128.735,1.0491,1.09508,1.11631,0.96315,0.93455,0.97975,0.71459,0.95645,0.99212,1.15439,0.00127505,0.00127505,0.00127505
21,134.069,1.03489,1.07187,1.07584,0.88599,0.96086,0.97714,0.71119,0.94081,0.92622,1.13946,0.00125442,0.00125442,0.00125442
22,139.628,1.04699,1.04287,1.08138,0.95306,0.93293,0.98556,0.73222,0.93205,0.89673,1.1408,0.00123379,0.00123379,0.00123379
23,144.358,1.04544,1.05457,1.10214,0.94195,0.97368,0.9867,0.75847,0.82679,0.79133,1.07475,0.00121316,0.00121316,0.00121316
24,148.984,1.04396,1.06414,1.09814,0.94195,0.97368,0.9867,0.75847,0.82679,0.79133,1.07475,0.00119253,0.00119253,0.00119253
25,153.682,0.99757,0.98453,1.07609,0.93959,0.97368,0.9874,0.77871,0.77454,0.75001,1.04338,0.0011719,0.0011719,0.0011719
26,158.155,0.97761,0.99602,1.08579,0.93937,0.98285,0.98636,0.79126,0.76739,0.74484,1.03909,0.00115127,0.00115127,0.00115127
27,162.587,1.04011,1.00911,1.1113,0.97948,0.95295,0.98838,0.79136,0.76199,0.73779,1.04628,0.00113064,0.00113064,0.00113064
28,167.259,0.9749,1.02798,1.0796,0.97665,0.95497,0.98691,0.77961,0.77334,0.73654,1.04621,0.00111001,0.00111001,0.00111001
29,171.893,0.9823,0.96189,1.05455,0.97665,0.95497,0.98691,0.77961,0.77334,0.73654,1.04621,0.00108938,0.00108938,0.00108938
30,176.517,0.97992,0.94019,1.06012,0.9818,0.95917,0.98095,0.77466,0.78048,0.73294,1.04613,0.00106876,0.00106876,0.00106876
31,181.266,1.00032,1.00053,1.0788,0.95702,0.97368,0.96945,0.75659,0.82179,0.7579,1.05165,0.00104813,0.00104813,0.00104813
32,186.07,0.94342,0.94605,1.06272,0.95657,0.97368,0.98591,0.76291,0.8248,0.70647,1.06234,0.0010275,0.0010275,0.0010275
33,190.743,0.92723,0.89703,1.01012,0.97754,0.97368,0.9889,0.76275,0.83117,0.71439,1.06808,0.00100687,0.00100687,0.00100687
34,195.591,0.98632,0.94568,1.07429,0.96094,0.97368,0.99126,0.78348,0.79639,0.7074,1.05491,0.000986239,0.000986239,0.000986239
35,200.139,0.94061,0.89835,1.06012,0.96094,0.97368,0.99126,0.78348,0.79639,0.7074,1.05491,0.00096561,0.00096561,0.00096561
36,205.272,0.96546,0.95721,1.06332,0.95193,0.99489,0.99185,0.79163,0.78785,0.68672,1.04652,0.000944981,0.000944981,0.000944981
37,210.381,0.91585,0.89139,1.04908,0.98616,0.96053,0.99235,0.77397,0.81383,0.68546,1.05853,0.000924352,0.000924352,0.000924352
38,216.362,1.04746,0.96163,1.08668,0.98268,0.96997,0.9909,0.77272,0.81343,0.71215,1.05381,0.000903722,0.000903722,0.000903722
39,222.214,1.00107,0.9282,1.07194,0.97805,0.97368,0.98917,0.7707,0.80076,0.68334,1.04522,0.000883093,0.000883093,0.000883093
40,228.148,1.00469,0.95842,1.08961,0.97805,0.97368,0.98917,0.7707,0.80076,0.68334,1.04522,0.000862464,0.000862464,0.000862464
41,234.451,1.03659,0.94544,1.08308,0.99157,0.96053,0.9894,0.77302,0.79628,0.67443,1.04359,0.000841835,0.000841835,0.000841835
42,240.488,0.99919,0.91874,1.044,0.98864,0.96053,0.98885,0.75371,0.8381,0.69557,1.05307,0.000821206,0.000821206,0.000821206
43,245.547,0.98066,0.90734,1.09825,0.99308,0.96053,0.98948,0.75651,0.86914,0.70546,1.05728,0.000800577,0.000800577,0.000800577
44,250.479,0.98697,0.93694,1.0992,0.98679,0.95821,0.99002,0.77976,0.80449,0.68858,1.03711,0.000779948,0.000779948,0.000779948
45,255.649,0.95097,0.84764,1.05406,0.98679,0.95821,0.99002,0.77976,0.80449,0.68858,1.03711,0.000759318,0.000759318,0.000759318
46,261.259,0.8798,0.85418,1.03377,0.96439,0.98306,0.9883,0.7943,0.76895,0.69161,1.02857,0.000738689,0.000738689,0.000738689
47,266.448,1.00903,0.89571,1.07138,0.97133,0.97865,0.98869,0.79119,0.78581,0.70152,1.03305,0.00071806,0.00071806,0.00071806
48,271.663,0.93982,0.86096,1.02574,0.97115,0.96478,0.98927,0.78827,0.7704,0.67353,1.02953,0.000697431,0.000697431,0.000697431
49,276.792,0.82411,0.79364,1.00257,0.982,0.97368,0.99207,0.78278,0.76061,0.64675,1.03264,0.000676802,0.000676802,0.000676802
50,281.503,0.83713,0.85994,1.05596,0.982,0.97368,0.99207,0.78278,0.76061,0.64675,1.03264,0.000656173,0.000656173,0.000656173
51,286.442,0.87406,0.82132,1.02891,0.98969,0.97368,0.99287,0.77352,0.78404,0.65284,1.04659,0.000635544,0.000635544,0.000635544
52,291.736,0.85605,0.81969,1.01735,0.98812,0.97368,0.99307,0.77343,0.79797,0.66391,1.0495,0.000614915,0.000614915,0.000614915
53,297.411,0.88965,0.83241,1.02836,0.99296,0.97368,0.99217,0.7728,0.79023,0.65245,1.04873,0.000594286,0.000594286,0.000594286
54,302.799,0.82131,0.76327,0.97695,0.98962,0.97368,0.99209,0.7673,0.80107,0.6521,1.05913,0.000573656,0.000573656,0.000573656
55,308.339,0.82937,0.80539,1.03662,0.97747,0.97368,0.99158,0.77398,0.80352,0.64123,1.05971,0.000553027,0.000553027,0.000553027
56,315.674,0.80185,0.77667,1.0197,0.97747,0.97368,0.99158,0.77398,0.80352,0.64123,1.05971,0.000532398,0.000532398,0.000532398
57,320.937,0.89309,0.79136,1.01652,0.99242,0.96053,0.99135,0.78128,0.80899,0.64681,1.05949,0.000511769,0.000511769,0.000511769
58,326.33,0.90569,0.79472,0.9957,0.97825,0.97322,0.99139,0.78839,0.78587,0.64164,1.05021,0.00049114,0.00049114,0.00049114
59,331.686,0.86054,0.79948,1.01524,0.97785,0.97266,0.99171,0.79672,0.7418,0.64473,1.03919,0.000470511,0.000470511,0.000470511
60,338.54,0.89176,0.76331,1.02081,0.9777,0.96053,0.99003,0.79949,0.72163,0.63697,1.03326,0.000449882,0.000449882,0.000449882
61,345.111,0.86916,0.78613,1.02209,0.9777,0.96053,0.99003,0.79949,0.72163,0.63697,1.03326,0.000429253,0.000429253,0.000429253
62,350.524,0.87052,0.7844,1.03028,0.98055,0.96937,0.99078,0.80844,0.72427,0.61699,1.03148,0.000408623,0.000408623,0.000408623
63,356.738,0.87305,0.77407,1.01498,0.98137,0.9704,0.99164,0.80218,0.73011,0.62219,1.02933,0.000387994,0.000387994,0.000387994
64,362.521,0.80901,0.78125,1.02776,0.99454,0.969,0.99198,0.79916,0.73633,0.62576,1.02828,0.000367365,0.000367365,0.000367365
65,368.688,0.81517,0.74782,0.98886,0.99051,0.97309,0.99287,0.79712,0.74338,0.63446,1.02394,0.000346736,0.000346736,0.000346736
66,374.787,0.84559,0.76018,0.98118,0.99051,0.97309,0.99287,0.79712,0.74338,0.63446,1.02394,0.000326107,0.000326107,0.000326107
67,380.233,0.82558,0.73773,0.97259,0.98522,0.97368,0.99249,0.80062,0.73997,0.63125,1.01863,0.000305478,0.000305478,0.000305478
68,387.121,0.86137,0.74483,1.01009,0.98426,0.97368,0.99344,0.80076,0.73547,0.62788,1.01706,0.000284849,0.000284849,0.000284849
69,392.464,0.75301,0.71312,0.99587,0.97822,0.98503,0.99384,0.80061,0.73857,0.6224,1.0192,0.00026422,0.00026422,0.00026422
70,397.521,0.7571,0.73346,0.97362,0.98012,0.98479,0.99384,0.79924,0.73578,0.61668,1.02085,0.00024359,0.00024359,0.00024359
71,421.929,0.70916,0.80312,0.97774,0.98012,0.98479,0.99384,0.79924,0.73578,0.61668,1.02085,0.000222961,0.000222961,0.000222961
72,428.292,0.61483,0.74776,0.94559,0.98783,0.97918,0.99427,0.79668,0.73816,0.61942,1.02498,0.000202332,0.000202332,0.000202332
73,434.486,0.65008,0.73787,0.94389,0.98831,0.97793,0.99405,0.79767,0.74541,0.63028,1.03065,0.000181703,0.000181703,0.000181703
74,441.511,0.65906,0.7542,0.96259,0.98825,0.97732,0.99474,0.79669,0.74753,0.63453,1.03026,0.000161074,0.000161074,0.000161074
75,449.424,0.64173,0.72931,0.91775,0.98911,0.97276,0.99375,0.79455,0.74332,0.62916,1.02898,0.000140445,0.000140445,0.000140445
76,454.175,0.60764,0.69172,0.89392,0.98933,0.97255,0.9935,0.80049,0.73482,0.63568,1.02782,0.000119816,0.000119816,0.000119816
77,459.281,0.6189,0.69972,0.92501,0.98933,0.97255,0.9935,0.80049,0.73482,0.63568,1.02782,9.91865e-05,9.91865e-05,9.91865e-05
78,465.621,0.63976,0.7135,0.92752,0.98969,0.97284,0.9935,0.80169,0.72779,0.62908,1.02407,7.85574e-05,7.85574e-05,7.85574e-05
79,471.056,0.61247,0.67641,0.90468,0.98949,0.97235,0.99317,0.79805,0.7226,0.62951,1.0216,5.79283e-05,5.79283e-05,5.79283e-05
80,475.954,0.61276,0.68252,0.91946,0.98915,0.97243,0.9935,0.79908,0.71698,0.62967,1.02123,3.72991e-05,3.72991e-05,3.72991e-05
